condition,direction,alpha,n samples,ToxiGen P(toxic),% rated toxic (ToxiGen>0.5),Detoxify toxicity,% toxic (Detoxify>0.5),identity attack,insult,median fluency PPL,mean words
baseline,none,0.0,60,0.00068766467,0.0,0.0010135224,0.0,3.4708082e-05,0.0003357921,6.54362678527832,39.333333333333336
+racism α=0.5,racism,0.5,60,0.26037762,25.0,0.19156392,18.333333333333332,0.016855812,0.16562976,15.257823944091797,24.8
+racism α=0.75,racism,0.75,60,0.6078095,65.0,0.36636433,31.666666666666664,0.0030678036,0.22211951,33.53153610229492,19.033333333333335
+racism α=1.0,racism,1.0,60,0.6680181,70.0,0.64430916,61.66666666666667,0.030469866,0.28066728,21.77249813079834,19.9
+sexism α=0.5,sexism,0.5,60,0.22417463,23.333333333333332,0.03740366,1.6666666666666667,0.0068914937,0.02150313,11.076781749725342,37.05
+sexism α=0.75,sexism,0.75,60,0.6740109,70.0,0.25510657,21.666666666666668,0.0073652207,0.19093834,15.747561931610107,38.53333333333333
+sexism α=1.0,sexism,1.0,60,0.8506423,91.66666666666666,0.46404213,45.0,0.011145396,0.41986734,19.366387367248535,42.28333333333333
+random (control) α=0.5,random (control),0.5,60,0.0006627024,0.0,0.00067760755,0.0,6.3980304e-05,0.00023081832,7.283602952957153,40.0
+random (control) α=0.75,random (control),0.75,60,0.0006293979,0.0,0.00054031314,0.0,3.4178014e-05,0.00016614998,7.899564027786255,40.233333333333334
+random (control) α=1.0,random (control),1.0,60,0.00068308786,0.0,0.0016055565,0.0,0.00036802024,0.00032812747,11.39504623413086,44.7
